"url","username","password","httpRealm","formActionOrigin","guid","timeCreated","timeLastUsed","timePasswordChanged"
"chrome://FirefoxAccounts","99b253416db441a894a6093e97d83bc3","{""version"":1,""accountData"":{""scopedKeys"":{""https://identity.mozilla.com/apps/oldsync"":{""kid"":""1597601405234-zLlaKFj9LNXZnmZpBL39_Q"",""k"":""mNBnH3ajyswnUu5gpr-R5JCGe0CTRB3DrtzLV5sNM4mE_khfINGhbZ_sGtepKuZcdCDIRZ2MV98mCabD0pkKog"",""kty"":""oct""},""https://identity.mozilla.com/ids/ecosystem_telemetry"":{""kid"":""1597601405-owwLDbDsZCFBTiETZvdUHg"",""k"":""XRSHyHRCLRUj4aCiNKYsJ_XBmll86sx9nexSUo1mwI4"",""kty"":""oct""},""sync:addon_storage"":{""kid"":""1597601405234-k9Nd7Px_z_PEfi2bM-LjK9vBX9hEv0Vq0HU1Vy2HsJI"",""k"":""JBynCHex8j4iY-h5DduSlUWPHmrMH6oYDm0nLD9bvMz0LKVkhnqfsl-0MqKIgX7xErcGDLQ4bf0vcx-PQu3h6g"",""kty"":""oct""}},""kSync"":""98d0671f76a3cacc2752ee60a6bf91e490867b4093441dc3aedccb579b0d338984fe485f20d1a16d9fec1ad7a92ae65c7420c8459d8c57df2609a6c3d2990aa2"",""kXCS"":""ccb95a2858fd2cd5d99e666904bdfdfd"",""kExtSync"":""241ca70877b1f23e2263e8790ddb9295458f1e6acc1faa180e6d272c3f5bbcccf42ca564867a9fb25fb432a288817ef112b7060cb4386dfd2f731f8f42ede1ea"",""kExtKbHash"":""93d35decfc7fcff3c47e2d9b33e2e32bdbc15fd844bf456ad07535572d87b092""}}","Firefox Accounts credentials",,"{f84bd607-2a24-490f-b0cc-3817e5baf125}","1627956693180","1627956693180","1627956693603"
"http://192.168.1.254","","04992503*8",,"http://192.168.1.254","{03e1ee70-26e3-4b9d-912f-439f09953012}","1624588553443","1627956695673","1624588553443"
"https://www.swagbucks.com","awadelkarim2019@gmail.com","7kpwuu3hFJn6RFa",,"https://www.swagbucks.com","{09f03e6b-0966-43ca-abff-ffdfbad30b80}","1612646376029","1627956695677","1612646376029"
"https://windscribe.com","Elhussain555","zain2016",,"https://windscribe.com","{0b0b2517-ad0b-466b-8d2b-38de45140542}","1604882790163","1627956695679","1604882790163"
"https://hinative.com","elhussain@outlook.com","Zain2016",,"https://hinative.com","{0ca8fda8-0bad-42c1-8eeb-98914faab86b}","1602388977154","1627956695680","1602388977154"
"https://adobeid-na1.services.adobe.com","elhussain2008@outlook.com","Zain2016",,"https://adobeid-na1.services.adobe.com","{0d1b95e2-912a-4bc5-8c7c-d8fdddb49084}","1603922743979","1627956695681","1603922743979"
"https://github.com","KodoElephant","sC2TcNcEpCv823Y",,"https://github.com","{0ebe8d90-d4f7-4036-ae56-c9f037a738b1}","1623133664349","1627956695684","1623133678766"
"https://cloud.ubackup.com","elhussain2008@outlook.com","QESNynDC3SVEbdA",,"https://cloud.ubackup.com","{0f8f69a7-8cc6-49dc-bdb3-e18681d9dcdf}","1612285391577","1627956695685","1612285398381"
"https://www.pixilart.com","elhussain ","9ZcCUWPnY8CpfBn",,"https://www.pixilart.com","{101ef4d3-ba1d-4615-ac72-0214a987c9cc}","1616114612481","1627956695687","1616114624014"
"https://accounts.firefox.com","elhussain2008@outlook.com","zain2016",,"https://accounts.firefox.com","{11274c06-8a30-4ed9-abd8-1528c57d8d82}","1627753771886","1627956695688","1627753771886"
"https://play.hbomax.com","mohammedabbas18@gmail.com","1HBOPASS",,"https://play.hbomax.com","{124482ec-9057-47af-9e35-355533bea75b}","1606695483544","1627956695689","1612115838022"
"https://www.tumblr.com","elhussain2008@outlook.com","zain2016",,"https://www.tumblr.com","{17608dbb-f8a2-4dd3-8bf4-e2b2b77483ec}","1611895861887","1627956695690","1611895861887"
"https://www.coursehero.com","ricky@kacstudent.org","PLKPbrRYDs3SqFe",,"https://www.coursehero.com","{18424741-fcc8-4296-b7d4-76749497846b}","1606874834068","1627956695696","1606874834068"
"https://www.japanesepod101.com","","bs@45kvSExJgLn$",,"https://www.japanesepod101.com","{186a9a1e-7ec2-42ba-9faa-c69c22bbeac1}","1602386422015","1627956695698","1602386422015"
"https://store.steampowered.com","dingo4152","Zain@2016",,"https://store.steampowered.com","{1a9d6b8c-e118-4831-823c-adaf7cfa39ed}","1612206896400","1627956695699","1612206896400"
"https://signin.att.com","hatimelkhawad@att.net","zain2016",,"https://oidc.idp.clogin.att.com","{1b3d7333-d950-4ba1-b828-32e243a630ea}","1624588296503","1627956695700","1624588296503"
"https://app.bit.ai","Awadelkarim","zain2016",,"https://app.bit.ai","{1f69c543-9fed-4b53-ae99-204e14218216}","1605205340552","1627956695701","1605205340552"
"https://www.fandango.com","elhussain2008@outlook.com","zain2016",,"https://www.fandango.com","{1f97235d-d37b-4c2c-baa0-ecd6facbf9b3}","1602822729815","1627956695702","1602822729815"
"https://itch.io","http://thebindingofisaacelhussain.itch.io/","X3pkScukr2TxMS6",,"https://itch.io","{206a7cd6-0076-4fc5-bb50-c3d839bb3988}","1622258145568","1627956695703","1622258160582"
"https://www.lenovo.com","abu_houssin2008@hotmail.com ","Zain2016#awadelkarim",,"https://www.lenovo.com","{23045de3-82b0-4fac-a312-ada2e5cc5211}","1596512881905","1627956695704","1596512881905"
"https://www.linkedin.com","jujutsukaisenuwu@gmail.com","yTHKtZB2u5GeLFD",,"https://www.linkedin.com","{2c6b0963-718b-4558-8ec4-ea04a4286385}","1612074066257","1627956695705","1612074068067"
"https://accounts.google.com","awadelkarim@kacstudent.org","alhassun0000",,"https://accounts.google.com","{2e3af723-9415-436e-8229-5d650959638f}","1597690868305","1627956695707","1597690868305"
"https://calendly.com","oumelhosain@yahoo.com","zain2016",,"https://calendly.com","{30b232f0-374a-4f79-841f-da53300c5752}","1602706075924","1627956695712","1602706075924"
"https://www.roblox.com","elhussainawadelkarim","elhussain2008",,"https://www.roblox.com","{33e44dbb-f559-48cd-acea-81a3f30d0e96}","1614183954067","1627956695713","1614183954067"
"https://signup.hulu.com","oumelhosain@yahoo.com","zain2016",,"https://signup.hulu.com","{357b3e7e-c3ec-4529-ade3-ceaccc8c8275}","1606263138094","1627956695714","1606263138094"
"https://secure.hulu.com","","pVeyAUsus64MhbR",,"https://secure.hulu.com","{3635cf12-659e-40fd-995e-7d7017145b63}","1618935521520","1627956695715","1618935521520"
"https://myaccount.google.com","jalraziqi@kacstudent.org","pussy2021",,"https://myaccount.google.com","{36e644a6-45e9-43c3-ae5c-92ec5ab6476c}","1620671768729","1627956695716","1620671768729"
"https://sso.redhat.com","","9tshV8JcA4BTA3B",,"https://sso.redhat.com","{378fc277-06df-4948-a01d-388cd1badfd3}","1623520007134","1627956695717","1623520007134"
"https://www.hunter-ed.com","Elhussain","zain2016",,"https://www.hunter-ed.com","{3b665014-6ba1-49ed-a409-1402ef8bd1c9}","1605596100660","1627956695718","1605596100660"
"https://www.pathofexile.com","elhussain2008@outlook.com","SLRY8GfEvw2jhWY",,"https://www.pathofexile.com","{3bc3801f-c6a1-437d-9214-3d136ef103f1}","1618031630425","1627956695719","1618031641285"
"https://freesound.org","elhussain2008@outlook.com","JRaJhYR6wGyZuz2",,"https://freesound.org","{3ddce533-056b-4541-b079-36fec085ff8c}","1622230377688","1627956695720","1622230383695"
"https://play.hbomax.com","elhussain2008@outlook.com","zain2016",,"","{3ec2260c-741e-475a-8bb4-6313e14f9c26}","1602719714145","1627956695722","1602719714145"
"https://twitter.com","elhussain2008@outlook.com","zain2016",,"https://twitter.com","{45ba516f-8d7c-493b-bfe9-6adb0f5fda55}","1605056303572","1627956695723","1605056303572"
"https://disqus.com","awadelkarim@kacstudent.org","tDn64Qnhv6R4Cmn",,"https://disqus.com","{46a5f0d0-1912-486f-a8fa-18ce482cb133}","1617218997340","1627956695724","1617219111171"
"https://funtides.com","fartyrat@gmail.com","sy*k.!L4Dt!zvzZ",,"https://funtides.com","{470bed67-1872-4ab3-b343-7b703303e253}","1606867979646","1627956695725","1606867979646"
"http://pi.hole","","CSDNNXPM",,"http://pi.hole","{4869578b-22d0-4d4e-8707-65f2ed949a15}","1625263065374","1627956695727","1625263065374"
"https://secure.hulu.com","oumelhosain@yahoo.com","zain2016",,"https://secure.hulu.com","{4b756fd3-dce5-487a-8d9e-a862baa7ce79}","1600735218090","1627956695729","1600735218090"
"https://www.hbomax.com","mohammedabbas18@gmail.com","HBOMAX123",,"https://www.hbomax.com","{4d355635-b880-45e7-984a-c4a93bb676d9}","1606695547437","1627956695730","1606695547437"
"https://disqus.com","jujutsukaisenuwu@gmail.com","Qt9rYf3WraSQBYC",,"https://disqus.com","{4dc7af04-d893-46c3-9787-1a2cb660f3fd}","1617206434121","1627956695731","1617206442800"
"https://register.salty-ball.me","","EwGBDcX2Zs4i7aE",,"https://register.salty-ball.me","{502e8581-8d65-41dd-aaa1-ec4fe291ffb2}","1610245139847","1627956695732","1610245139847"
"https://wifilogin.xfinity.com","elhussain2008","zain2016",,"https://wifilogin.xfinity.com","{503faea8-1812-42e3-891f-5c6a61edc980}","1599508794010","1627956695733","1599508794010"
"https://portal.aws.amazon.com","elhussain2008@outlook.com","YH4iiPA7Bkw7bR9",,"https://portal.aws.amazon.com","{536d0468-9c66-444b-9fd9-87cdf7d400ef}","1623519938516","1627956695734","1623519950072"
"https://www.netflix.com","elhussain2008@outlook.com","ZAIN2016",,"https://www.netflix.com","{536e1374-8bae-4d8f-a982-86488ee4e9a6}","1597691365117","1627956695735","1620143756672"
"https://discord.com","elhussain2008@outlook.com","Zain2016",,"https://discord.com","{541c0952-b56d-417e-a4d7-f4cfc39a96b8}","1619803215061","1627956695736","1619803215061"
"https://accounts.spotify.com","elhussain2008@outlook.com","zain2016",,"https://accounts.spotify.com","{54979419-7235-454f-8a92-f327f578dbdc}","1606795669297","1627956695737","1606795669297"
"https://account.live.com","elhussain2008@outlook.com","csZPKH4zViF2i2E",,"https://account.live.com","{54f2c1ea-4aa4-4f63-a01b-ebd2803c09e4}","1627244699816","1627956695738","1627244702299"
"https://steamcommunity.com","zain2016222","Zain@2016",,"https://steamcommunity.com","{577e47f5-b9c9-437b-8bf8-6e2bdf172746}","1615762862674","1627956695739","1615762862674"
"https://deepfakesweb.com","elhussain2008@outlook.com","dqm3rCHdS2TktYr",,"https://deepfakesweb.com","{578433de-ff7e-4b5d-a2ab-e34b48a6ac49}","1616699450219","1627956695740","1616699454270"
"https://www.minecraft.net","elhussain2008@outlook.com","zain2016",,"https://www.minecraft.net","{579ebe71-2579-4278-ba82-4b86fc710bf6}","1604717700981","1627956695742","1604717700981"
"https://www.ixl.com","elhussainawadelkarim717","14clean",,"https://www.ixl.com","{59c62aa9-415f-4e5c-82ff-2895ca02806e}","1597695243980","1627956695743","1597695243980"
"https://www.pythonanywhere.com","elhussain2008","sWUYt7hcbYj3T3B",,"https://www.pythonanywhere.com","{5ae4a8b7-7b42-4d97-8b28-40e661cc9a0f}","1623520036311","1627956695744","1623520039493"
"https://myaccount.google.com","talnomi@kacstudent.org","stupidfarts",,"https://myaccount.google.com","{5b55e77b-538f-4abe-888c-be8b4943e63d}","1604509666918","1627956695746","1604509666918"
"https://www.hbomax.com","elhussain2008@outlook.com","zain2016",,"https://www.hbomax.com","{5bf6948b-a665-4e01-b956-ada2d00749d0}","1600721806615","1627956695748","1600721806615"
"https://discord.com","simpsonelbarto924@gmail.com","Zain2016",,"https://discord.com","{5fc8edd7-bd8c-4841-9c61-2c54608cf15b}","1606846522538","1627956695750","1606846522538"
"https://www.rakuten.com","elhussain2008@outlook.com","zain2016",,"https://www.rakuten.com","{63343307-8c2a-478f-861c-3c4aaf0df030}","1606409881042","1627956695751","1606409881042"
"https://accounts.google.com","rattotrue","4RwuUvRc5nvRKuq",,"https://accounts.google.com","{671061ae-80d6-440f-9cb1-6d068710e47d}","1616642074160","1627956695752","1616642078932"
"https://cacloud1.infinitecampus.org","eawadelkarim","elhussain10589",,"https://cacloud1.infinitecampus.org","{6731a623-780e-4d5c-8845-8b544c6e0f15}","1606762329187","1627956695753","1606762329187"
"https://student.teachtci.com","eawadelkarim@kacstudent.org","elhussain0000",,"https://student.teachtci.com","{689209ac-d1b8-4c82-a45b-9bf619195eee}","1597945737156","1627956695754","1597945737156"
"https://checkout.minecraft.net","elhussain2008@outlook.com","zain2016",,"https://checkout.minecraft.net","{692490a0-39ce-40c3-af26-a5cd180f1de7}","1604709549289","1627956695755","1604709549289"
"https://www.kite.com","","elhussain2008",,"https://www.kite.com","{69f73300-612c-41ac-815f-cee8bf080d1b}","1624149336193","1627956695756","1624149336193"
"https://www.disneyplus.com","","zain2016",,"https://www.disneyplus.com","{6d53c2df-8387-4bd2-ba74-ed4619bc9978}","1601408541435","1627956695758","1601408541435"
"https://www.instagram.com","ratchat222","z5qvnFAz6hWwRVu",,"https://www.instagram.com","{6f040b1b-5b2b-4a39-a060-81dfc0234837}","1624473552931","1627956695759","1624473558057"
"https://www.gamestop.com","jankie231@gmail.com","Zsp9e6pPZSfH4er",,"https://www.gamestop.com","{6f5c524a-dac9-4e24-83dc-38304a50c331}","1617510848477","1627956695760","1617510848477"
"https://www.twitch.tv","DarDrizzle","W69PiVyicpZ9mYY",,"https://www.twitch.tv","{6f657b19-a8af-411f-93ea-866628c33da4}","1611697347368","1627956695761","1611697492854"
"https://www.twinkl.com","faety7@gmail.com","JWiy_!Xq/7J#EyH",,"https://www.twinkl.com","{704bbbcf-56d1-45f4-8b2d-49ab0fd6b5e3}","1602115004835","1627956695762","1602115004835"
"https://www.typing.com","rat221343","Cz4h3h7iMverhJM",,"https://www.typing.com","{7075d6b9-714b-49e0-93e0-0f4b465aff5d}","1626228119626","1627956695763","1626228137680"
"https://www.crunchyroll.com","oumelhosain@yahoo.com","zain2016",,"https://www.crunchyroll.com","{76c6d6cc-554e-49e0-85b7-3fb93f88d157}","1601856999279","1627956695764","1601856999279"
"https://frontend.letsgolearn.com","aa11180","student",,"https://frontend.letsgolearn.com","{780de62f-bca4-4f83-bfdf-20edd5ddc9d7}","1601419639042","1627956695765","1601419639042"
"https://accounts.google.com","jujutsukaisenuwu@gmail.com","zain2016",,"https://accounts.google.com","{7b3da83f-c5a3-4ecc-8dc7-fb239218583a}","1619115221888","1627956695768","1619115221888"
"https://my.hrw.com","eawadelkarim@kacstudent.org","student",,"https://my.hrw.com","{7c5f6293-9833-4011-be8a-32a660abf324}","1598551612527","1627956695769","1598551612527"
"https://users.nexusmods.com","jujutsukaisenuwu@gmail.com","mJw76eMe9i2QhHi",,"https://users.nexusmods.com","{852758c4-fa89-4c7f-8487-3e76f917c910}","1607879219473","1627956695770","1607879219473"
"https://discord.com","2883","Zain2016",,"https://discord.com","{8583be81-47fd-4b14-b39a-46a636ccb286}","1620003423205","1627956695773","1620003423205"
"https://www.instacart.com","","Mzjf@8eH*zcgjrL",,"https://www.instacart.com","{85897509-b8ed-4b08-b8e9-861905b78ac2}","1605383677937","1627956695774","1605383677937"
"https://academy.hackthebox.eu","elhussain2008@outlook.com","7Srvcb35Ze9KbGi",,"https://academy.hackthebox.eu","{88c1158f-9aed-4163-b118-b9322a3ffed2}","1625796467959","1627956695775","1625796473552"
"https://www.kongregate.com","elhussain2008","fdgfhfgnbgfbfgb",,"https://www.kongregate.com","{8a8ca4f4-2d51-4731-8ae6-3f84e6587c59}","1609730341591","1627956695776","1609730341591"
"https://www.amazon.com","14152486686","zain2016",,"https://www.amazon.com","{8ad5ee1c-a9f6-4d83-ad9b-2a2a4189d5bc}","1597722154410","1627956695777","1597722154410"
"https://www.myheritage.com","","8iV3iZXiNt9y6vM",,"https://www.myheritage.com","{8b85d3c0-1ee3-44df-afde-d94634063d83}","1615147458215","1627956695778","1615147458215"
"https://www.epicgames.com","oumelhosain@yahoo.com","ILOVEBRISA3",,"https://www.epicgames.com","{8da2096b-0cb1-47f5-afd8-c28227ae3f73}","1598580690562","1627956695780","1598580690562"
"https://account.protonvpn.com","jacky123123456789","zain2016",,"https://account.protonvpn.com","{91cd6cea-c340-437d-90ae-90ef27086b03}","1609560825291","1627956695781","1609560825291"
"https://www.construct.net","elhussain2008@outlook.com","zan2016",,"https://www.construct.net","{989bf38a-f07f-41f3-b3dc-fe8184073d44}","1609953665652","1627956695782","1609953665652"
"https://accounts.google.com","170689@husd.k12.ca.us","elhussain0000",,"https://accounts.google.com","{991cad9e-ec63-4517-9869-92e5f362b8b2}","1601051716386","1627956695785","1601051716386"
"https://users.nexusmods.com","alhassun123","rat123ALHASSUN",,"https://users.nexusmods.com","{a01cfd3c-517b-46a1-9a0c-4ea2e0a8ce2e}","1607880363641","1627956695786","1607880363641"
"https://auth.hulu.com","oumelhosain@yahoo.com","zain2016",,"","{a0bb7444-728c-414f-b208-669835db58d5}","1600714231685","1627956695788","1600714231685"
"https://www.gamestop.com","ratskirerffad@gmail.com","pqS7yiZwbWmCkZb",,"https://www.gamestop.com","{a1ea2ced-e6dd-499a-a695-07800079b7b0}","1617510910891","1627956695789","1617510920728"
"https://accounts.google.com","rattotrue@gmail.com","4RwuUvRc5nvRKuq",,"https://accounts.google.com","{a3f4c10f-4a4d-4717-88d6-a90e13d812e4}","1618634580266","1627956695793","1618634580266"
"http://127.0.0.1:8000","Elhussain","ilovegentoo2008",,"http://127.0.0.1:8000","{a40fa2e3-51b6-46a0-b5a1-8be9b002bc22}","1623465147234","1627956695795","1626494159325"
"https://www.expressvpn.com","elhussain2008@outlook.com","zain@2016",,"https://www.expressvpn.com","{a894998f-670b-4263-8459-1380977f783d}","1604634162057","1627956695796","1604634162057"
"https://wakatime.com","elhussain2008@outlook.com","zain2016",,"https://wakatime.com","{ab2d4881-9e79-4e37-a4c0-edd93b905aa4}","1623133534438","1627956695797","1623133534438"
"https://www.hulu.com","oumelhosain@yahoo.com","zain2016",,"","{adfeedba-30d2-43c6-a9da-0aad5f37d3bb}","1606249030216","1627956695798","1606249030216"
"https://play.hbonow.com","awadelkarim2019@gmail.com","zain2016",,"","{ae7004ce-e9e5-49bf-8c59-933f65a71623}","1608338311510","1627956695799","1608338311510"
"https://store.steampowered.com","zain2016222","Zain@2016",,"https://store.steampowered.com","{af0b4613-8300-42bd-bb3a-8ed07501a571}","1612043073010","1627956695800","1612043073010"
"https://read.kutubee.com:2222","key9","123456",,"https://read.kutubee.com:2222","{b0693847-fcae-4e36-924e-376052e061d8}","1615311822806","1627956695801","1615311822806"
"https://www.lenovo.com","abu_houssin2008@hotmail.com","Zain2016#awadelkarim",,"https://www.lenovo.com","{b110dc82-bc60-4a82-8665-cea0acaaff25}","1622867178165","1627956695803","1622867178165"
"https://flipgrid.com","","ElhussainAwadelkarim",,"https://flipgrid.com","{b3179142-654d-4d7c-b6c7-d1c37fa33d28}","1597873769581","1627956695804","1597873769581"
"https://login.xfinity.com","elhussain2008","zain2016",,"https://login.xfinity.com","{bc6336ee-ac54-4e8d-9fdf-dc873eadca9e}","1599414930307","1627956695805","1599414930307"
"https://www.swagbucks.com","elhussain2008@outlook.com","7kpwuu3hFJn6RFa",,"https://www.swagbucks.com","{bda3ea91-64b5-4f0a-8c70-1f97ee2bd7bc}","1612646356128","1627956695807","1612646359046"
"https://student.teachtci.com","awadelkarim@kacstudent.org","key0000",,"https://student.teachtci.com","{bdf687d9-9012-4154-b902-2c494968e1d4}","1600644369640","1627956695809","1600644369640"
"https://www.joinsmarty.com","farthyu@gmail.com","7@xQUTu5*x55s?v",,"https://www.joinsmarty.com","{c151ec59-beab-49b4-a3f0-45358298f6cf}","1602522823440","1627956695810","1602522823440"
"https://accounts.google.com","elbarto666","zain2016",,"https://accounts.google.com","{c1891d8f-2723-4831-84c8-e8e126ec1e3a}","1601311416101","1627956695815","1601311416101"
"https://accounts.google.com","eawadelkarim@kacstudent.org","zain2016",,"https://accounts.google.com","{c1b294d0-0aa6-4328-acd2-5825d20144e6}","1627752199105","1627956695820","1627752199105"
"https://myaccount.google.com","sdominguez@kacstudent.org","morty0000",,"https://myaccount.google.com","{c756628f-a6bb-4b39-b3a0-404c32e1a74c}","1604510551465","1627956695822","1604510551465"
"https://itch.io","http://thebindingofisaac.itch.io/","X3pkScukr2TxMS6",,"https://itch.io","{cbc0e912-3f81-4086-a23a-516a25189401}","1622258179187","1627956695824","1622258179187"
"https://html5.gamedistribution.com","bvbgh's room","a",,"","{cce1f519-7ad0-4fd7-83f7-60e8224af366}","1602124190677","1627956695825","1602124190677"
"http://192.168.1.198","","CSDNNXPM",,"http://192.168.1.198","{cd28d64d-1c7c-46b5-b46d-946762c844b7}","1625265075457","1627956695826","1625265075457"
"https://auth.services.adobe.com","elhussain2008@outlook.com","Zain2016",,"https://auth.services.adobe.com","{ce8963d3-e103-410f-9f79-8f946b76e793}","1604210317887","1627956695827","1604210317887"
"https://www.bandainamcoent.com","oumelhosain@yahoo.com","elhussain@2008",,"https://www.bandainamcoent.com","{d30e31b6-d118-4f7a-a750-46ef3bcf5b04}","1602039430428","1627956695828","1602039430428"
"https://cdn.registerdisney.go.com","oumelhosain@yahoo.com","zain2016",,"https://cdn.registerdisney.go.com","{d582f439-e814-44d0-8028-7273e9ce86bc}","1601096103935","1627956695829","1601096103935"
"https://accounts.google.com","elhussain2008@outlook.com","zain2016",,"https://accounts.google.com","{d6dbc910-dd74-431a-8a99-64a31ff5f25a}","1624070859891","1627956695835","1624070859891"
"https://www.walmart.com","Awadelkarim2019@gmail.com ","zain2016",,"https://www.walmart.com","{d7580e11-d635-4b24-a364-b0c9e23d04cb}","1598215936363","1627956695836","1598215936363"
"https://parsec.app","elhussain2008@outlook.com","FENU9AjPvxfT9UT#",,"https://parsec.app","{dad86766-ad27-4390-9fe0-03eba4777a51}","1617413198388","1627956695837","1617413214187"
"https://www.idle-empire.com","elhussain2008@outlook.com","9y2jGS3K4FaQE5v",,"https://www.idle-empire.com","{ddf55c6b-e2b7-4d06-9fd6-45e7c06f83aa}","1617462761992","1627956695838","1617462771683"
"https://register.movie-frame.com","","BXx9YSPFM8YrdFQ",,"https://register.movie-frame.com","{e0e53f25-6512-49fe-a24e-e70c75c51ceb}","1610245211467","1627956695839","1610245211467"
"https://accounts.google.com","simpsonelbarto924@gmail.com","zain2016",,"https://accounts.google.com","{e287e82f-0712-4c1e-aa7f-cb9b17a13b1f}","1603392122774","1627956695845","1603392122774"
"https://play.hbomax.com","Elboshra","2008",,"","{e3224468-fbbd-4572-941d-8fff82513199}","1600745862784","1627956695848","1600745862784"
"https://www.grammarly.com","eawadelkarim@kacstudent.org","$f)b8y6B/QfY@D%",,"https://www.grammarly.com","{e326d446-c731-45f3-aae2-0933ce59e04a}","1598028463351","1627956695849","1598028463351"
"https://accounts.google.com","awadelkarim2019@gmail.com","zain2016",,"https://accounts.google.com","{e3b5e4af-2894-47fb-8c3f-7f804a0c6256}","1605661994815","1627956695855","1605661994815"
"https://frontend.letsgolearn.com","ea10589","student",,"https://frontend.letsgolearn.com","{e73ae433-9322-4431-bb24-b5f8eeeee87e}","1601921193234","1627956695858","1601921193234"
"https://create.kahoot.it","elhussain2008@outlook.com","KNC+SgJ2*2q+cVr",,"https://create.kahoot.it","{e7524411-ebf6-488f-9c05-4e8a709c05b4}","1599877116125","1627956695859","1599877116125"
"https://www.funimation.com","elhussain2008@outlook.com","Elhussain@2008",,"https://www.funimation.com","{e90e5c0f-6cce-4bb5-b4db-3cfcf0ba4acb}","1601917734134","1627956695860","1601917734134"
"https://users.nexusmods.com","","hG7Z5XD2b2Qn2uB",,"https://users.nexusmods.com","{eb0592c9-c2f2-42b9-9781-9ac88c80c98f}","1619323151512","1627956695863","1619323151512"
"https://sketchfab.com","elhussain2008@outlook.com","uyw4jCsNFKwWUej",,"https://sketchfab.com","{edbf8820-4437-4d19-a4c7-1b48d3e3903e}","1620935757347","1627956695864","1620935766270"
"https://giftcash.com","4152476654","786NarD8kXLsWCP",,"https://giftcash.com","{ee9f5413-29a6-40bd-a8ca-df389247c52d}","1617513782681","1627956695865","1617513823310"
"https://login.live.com","elhussain2008@outlook.com","ilovegentoo2008",,"https://login.live.com","{f1f83a54-7587-48a1-9395-7d93fb52fb12}","1627754023690","1627956695866","1627754023690"
"https://idmsa.apple.com","awadelkarim2019@gmail.com","Gongolase@21",,"https://idmsa.apple.com","{f253b059-14a7-40b3-a697-ca163ee1736c}","1622527781605","1627956695867","1622527781605"
"https://steamcommunity.com","thebindingofisaacelhussain","Zain@2016",,"https://steamcommunity.com","{f60a6279-aa58-4212-af01-3ed9679d3eaa}","1617822851610","1627956695868","1617822851610"
"https://www.reddit.com","OnMyLlama","RatsEatCats",,"https://www.reddit.com","{f9df0c78-c5b0-4ebe-b0aa-6009582661f2}","1611198940901","1627956695869","1611198940901"
"https://www.sling.com","elhussain2008@outlook.com","6N9V%XAh/uH?C#N",,"https://www.sling.com","{f9f7f701-fe5d-47fa-88f9-995f7bf09e93}","1601260147785","1627956695870","1601260147785"
"https://home.mcafee.com","elhussain2008@outlook.com","wxb&6K?+9BRCyQz",,"https://home.mcafee.com","{fa06fcc1-9e7b-420f-8b4f-dcdebc80820c}","1599710054933","1627956695871","1599710054933"
"https://steamcommunity.com","dingo4152","Zain@2016",,"https://steamcommunity.com","{fa5910e6-1e2b-42dc-9bd2-989755d25536}","1617462905424","1627956695874","1617462905424"
"https://signup.na.leagueoflegends.com","Elhussain","99nCdru3Apn3kWt",,"https://signup.na.leagueoflegends.com","{fa5b27ea-f2fc-4af6-805d-8ce513554b0f}","1603300936513","1627956695876","1612052602853"
"https://www.roblox.com","dfefeew4677d","effeeffe",,"","{fbdbfdba-64ed-426e-b940-2c348b5d5286}","1602959943674","1627956695878","1602959943674"
"https://www.gamestop.com","rattotrue@gmail.com","Zsp9e6pPZSfH4er",,"https://www.gamestop.com","{fea1ba88-5cb7-407a-afb3-b72ebdb861f1}","1617466291020","1627956695881","1617466363018"
"https://www.ixl.com","alhassunawadelkarim717","25low",,"https://www.ixl.com","{fef575f4-5037-4f09-99de-d8e2d24105bc}","1597704993414","1627956695883","1597704993414"